-- MySQL dump 10.13  Distrib 8.0.32, for Linux (x86_64)
--
-- Host: localhost    Database: aass
-- ------------------------------------------------------
-- Server version	8.0.32

/*!40101 SET @OLD_CHARACTER_SET_CLIENT=@@CHARACTER_SET_CLIENT */;
/*!40101 SET @OLD_CHARACTER_SET_RESULTS=@@CHARACTER_SET_RESULTS */;
/*!40101 SET @OLD_COLLATION_CONNECTION=@@COLLATION_CONNECTION */;
/*!50503 SET NAMES utf8mb4 */;
/*!40103 SET @OLD_TIME_ZONE=@@TIME_ZONE */;
/*!40103 SET TIME_ZONE='+00:00' */;
/*!40014 SET @OLD_UNIQUE_CHECKS=@@UNIQUE_CHECKS, UNIQUE_CHECKS=0 */;
/*!40014 SET @OLD_FOREIGN_KEY_CHECKS=@@FOREIGN_KEY_CHECKS, FOREIGN_KEY_CHECKS=0 */;
/*!40101 SET @OLD_SQL_MODE=@@SQL_MODE, SQL_MODE='NO_AUTO_VALUE_ON_ZERO' */;
/*!40111 SET @OLD_SQL_NOTES=@@SQL_NOTES, SQL_NOTES=0 */;

--
-- Table structure for table `discount`
--

DROP TABLE IF EXISTS `discount`;
/*!40101 SET @saved_cs_client     = @@character_set_client */;
/*!50503 SET character_set_client = utf8mb4 */;
CREATE TABLE `discount` (
  `id` int NOT NULL AUTO_INCREMENT,
  `discount_code` varchar(100) NOT NULL,
  `discount_rate` float NOT NULL,
  PRIMARY KEY (`id`)
) ENGINE=InnoDB DEFAULT CHARSET=utf8mb4 COLLATE=utf8mb4_0900_ai_ci;
/*!40101 SET character_set_client = @saved_cs_client */;

--
-- Dumping data for table `discount`
--

LOCK TABLES `discount` WRITE;
/*!40000 ALTER TABLE `discount` DISABLE KEYS */;
/*!40000 ALTER TABLE `discount` ENABLE KEYS */;
UNLOCK TABLES;

--
-- Table structure for table `reservation`
--

DROP TABLE IF EXISTS `reservation`;
/*!40101 SET @saved_cs_client     = @@character_set_client */;
/*!50503 SET character_set_client = utf8mb4 */;
CREATE TABLE `reservation` (
  `id` int NOT NULL AUTO_INCREMENT,
  `wagon_id` int NOT NULL,
  `route_id` int NOT NULL,
  `station_from_id` int NOT NULL,
  `station_to_id` int NOT NULL,
  PRIMARY KEY (`id`),
  KEY `reservation_wagon` (`wagon_id`),
  KEY `reservation_route` (`route_id`),
  KEY `station_from_id` (`station_from_id`),
  KEY `station_to_id` (`station_to_id`),
  CONSTRAINT `reservation_ibfk_1` FOREIGN KEY (`station_from_id`) REFERENCES `station` (`id`) ON DELETE CASCADE,
  CONSTRAINT `reservation_ibfk_2` FOREIGN KEY (`station_to_id`) REFERENCES `station` (`id`) ON DELETE CASCADE,
  CONSTRAINT `reservation_route` FOREIGN KEY (`route_id`) REFERENCES `route` (`id`) ON DELETE CASCADE,
  CONSTRAINT `reservation_wagon` FOREIGN KEY (`wagon_id`) REFERENCES `wagon` (`id`) ON DELETE CASCADE
) ENGINE=InnoDB DEFAULT CHARSET=utf8mb4 COLLATE=utf8mb4_0900_ai_ci;
/*!40101 SET character_set_client = @saved_cs_client */;

--
-- Dumping data for table `reservation`
--

LOCK TABLES `reservation` WRITE;
/*!40000 ALTER TABLE `reservation` DISABLE KEYS */;
/*!40000 ALTER TABLE `reservation` ENABLE KEYS */;
UNLOCK TABLES;

--
-- Table structure for table `route`
--

DROP TABLE IF EXISTS `route`;
/*!40101 SET @saved_cs_client     = @@character_set_client */;
/*!50503 SET character_set_client = utf8mb4 */;
CREATE TABLE `route` (
  `id` int NOT NULL AUTO_INCREMENT,
  PRIMARY KEY (`id`)
) ENGINE=InnoDB AUTO_INCREMENT=101 DEFAULT CHARSET=utf8mb4 COLLATE=utf8mb4_0900_ai_ci;
/*!40101 SET character_set_client = @saved_cs_client */;

--
-- Dumping data for table `route`
--

LOCK TABLES `route` WRITE;
/*!40000 ALTER TABLE `route` DISABLE KEYS */;
INSERT INTO `route` VALUES (1),(2),(3),(4),(5),(6),(7),(8),(9),(10),(11),(12),(13),(14),(15),(16),(17),(18),(19),(20),(21),(22),(23),(24),(25),(26),(27),(28),(29),(30),(31),(32),(33),(34),(35),(36),(37),(38),(39),(40),(41),(42),(43),(44),(45),(46),(47),(48),(49),(50),(51),(52),(53),(54),(55),(56),(57),(58),(59),(60),(61),(62),(63),(64),(65),(66),(67),(68),(69),(70),(71),(72),(73),(74),(75),(76),(77),(78),(79),(80),(81),(82),(83),(84),(85),(86),(87),(88),(89),(90),(91),(92),(93),(94),(95),(96),(97),(98),(99),(100);
/*!40000 ALTER TABLE `route` ENABLE KEYS */;
UNLOCK TABLES;

--
-- Table structure for table `route_station`
--

DROP TABLE IF EXISTS `route_station`;
/*!40101 SET @saved_cs_client     = @@character_set_client */;
/*!50503 SET character_set_client = utf8mb4 */;
CREATE TABLE `route_station` (
  `id` int NOT NULL AUTO_INCREMENT,
  `route_id` int NOT NULL,
  `station_id` int NOT NULL,
  `arrival_time` time DEFAULT NULL,
  `departure_time` time DEFAULT NULL,
  PRIMARY KEY (`id`),
  KEY `route_station_route` (`route_id`),
  KEY `route_station_station` (`station_id`),
  CONSTRAINT `route_station_route` FOREIGN KEY (`route_id`) REFERENCES `route` (`id`) ON DELETE CASCADE,
  CONSTRAINT `route_station_station` FOREIGN KEY (`station_id`) REFERENCES `station` (`id`) ON DELETE CASCADE
) ENGINE=InnoDB DEFAULT CHARSET=utf8mb4 COLLATE=utf8mb4_0900_ai_ci;
/*!40101 SET character_set_client = @saved_cs_client */;

--
-- Dumping data for table `route_station`
--

LOCK TABLES `route_station` WRITE;
/*!40000 ALTER TABLE `route_station` DISABLE KEYS */;
INSERT INTO `route_station` (`route_id`, `station_id`, `arrival_time`, `departure_time`) VALUES (2,27,'15:39:00','15:44:00'),(2,43,'23:57:00','00:02:00'),(2,41,'12:58:00','13:03:00'),(2,6,'12:14:00','12:19:00'),(2,47,'19:23:00','19:28:00'),(2,18,'07:11:00','07:16:00'),(3,39,'18:24:00','18:29:00'),(3,19,'13:24:00','13:29:00'),(3,14,'04:31:00','04:36:00'),(3,5,'06:43:00','06:48:00'),(3,9,'05:48:00','05:53:00'),(3,40,'12:49:00','12:54:00'),(3,17,'11:46:00','11:51:00'),(3,21,'01:30:00','01:35:00'),(3,45,'12:24:00','12:29:00'),(4,50,'04:50:00','04:55:00'),(4,1,'05:40:00','05:45:00'),(4,36,'05:06:00','05:11:00'),(4,6,'14:23:00','14:28:00'),(4,24,'23:38:00','23:43:00'),(4,42,'15:04:00','15:09:00'),(4,9,'11:06:00','11:11:00'),(4,25,'04:23:00','04:28:00'),(5,6,'03:08:00','03:13:00'),(5,23,'14:11:00','14:16:00'),(5,3,'19:51:00','19:56:00'),(5,20,'22:23:00','22:28:00'),(5,36,'03:47:00','03:52:00'),(5,42,'01:03:00','01:08:00'),(5,30,'07:50:00','07:55:00'),(5,33,'14:36:00','14:41:00'),(5,12,'05:14:00','05:19:00'),(5,27,'22:47:00','22:52:00'),(5,1,'17:41:00','17:46:00'),(5,48,'01:11:00','01:16:00'),(5,13,'00:19:00','00:24:00'),(6,45,'09:32:00','09:37:00'),(6,35,'06:01:00','06:06:00'),(6,22,'21:17:00','21:22:00'),(6,33,'03:11:00','03:16:00'),(6,42,'21:37:00','21:42:00'),(6,18,'17:03:00','17:08:00'),(6,31,'19:46:00','19:51:00'),(6,12,'09:38:00','09:43:00'),(6,11,'10:01:00','10:06:00'),(6,28,'12:01:00','12:06:00'),(6,13,'07:01:00','07:06:00'),(6,8,'07:53:00','07:58:00'),(6,15,'12:47:00','12:52:00'),(7,46,'19:50:00','19:55:00'),(7,30,'00:14:00','00:19:00'),(7,15,'19:16:00','19:21:00'),(7,17,'15:57:00','16:02:00'),(7,18,'14:36:00','14:41:00'),(7,13,'18:59:00','19:04:00'),(7,1,'17:20:00','17:25:00'),(7,40,'00:27:00','00:32:00'),(7,4,'23:44:00','23:49:00'),(7,28,'03:18:00','03:23:00'),(8,7,'19:17:00','19:22:00'),(8,46,'09:58:00','10:03:00'),(8,34,'17:39:00','17:44:00'),(8,37,'23:48:00','23:53:00'),(8,48,'13:27:00','13:32:00'),(8,8,'19:53:00','19:58:00'),(8,29,'21:29:00','21:34:00'),(8,3,'19:52:00','19:57:00'),(8,31,'07:15:00','07:20:00'),(8,12,'17:51:00','17:56:00'),(8,14,'09:52:00','09:57:00'),(8,21,'16:40:00','16:45:00'),(8,4,'11:38:00','11:43:00'),(8,40,'20:13:00','20:18:00'),(9,5,'01:40:00','01:45:00'),(9,4,'01:51:00','01:56:00'),(9,32,'01:30:00','01:35:00'),(9,2,'21:16:00','21:21:00'),(9,13,'08:53:00','08:58:00'),(10,27,'14:23:00','14:28:00'),(10,37,'01:25:00','01:30:00'),(10,49,'21:58:00','22:03:00'),(10,36,'14:38:00','14:43:00'),(10,34,'14:13:00','14:18:00'),(10,22,'20:09:00','20:14:00'),(10,29,'04:50:00','04:55:00'),(10,50,'17:16:00','17:21:00'),(10,45,'16:11:00','16:16:00'),(10,30,'18:15:00','18:20:00'),(10,46,'00:16:00','00:21:00'),(10,9,'13:56:00','14:01:00'),(10,41,'21:55:00','22:00:00'),(10,3,'12:55:00','13:00:00'),(11,47,'23:08:00','23:13:00'),(11,46,'14:09:00','14:14:00'),(11,33,'23:00:00','23:05:00'),(11,25,'19:04:00','19:09:00'),(11,38,'19:04:00','19:09:00'),(11,35,'12:34:00','12:39:00'),(12,4,'18:22:00','18:27:00'),(12,31,'03:46:00','03:51:00'),(12,29,'17:36:00','17:41:00'),(12,23,'17:31:00','17:36:00'),(12,28,'22:51:00','22:56:00'),(12,27,'15:57:00','16:02:00'),(12,10,'06:49:00','06:54:00'),(12,19,'19:40:00','19:45:00'),(12,12,'13:24:00','13:29:00'),(13,50,'02:47:00','02:52:00'),(13,10,'20:15:00','20:20:00'),(13,23,'12:43:00','12:48:00'),(13,1,'20:51:00','20:56:00'),(13,20,'10:03:00','10:08:00'),(13,38,'18:46:00','18:51:00'),(13,8,'09:38:00','09:43:00'),(13,17,'06:40:00','06:45:00'),(13,19,'10:15:00','10:20:00'),(13,39,'15:14:00','15:19:00'),(13,43,'11:30:00','11:35:00'),(14,28,'21:13:00','21:18:00'),(14,11,'03:59:00','04:04:00'),(14,20,'09:58:00','10:03:00'),(14,12,'03:42:00','03:47:00'),(14,9,'22:24:00','22:29:00'),(14,46,'00:28:00','00:33:00'),(14,15,'19:24:00','19:29:00'),(14,48,'02:01:00','02:06:00'),(15,30,'08:56:00','09:01:00'),(15,17,'12:40:00','12:45:00'),(15,40,'03:28:00','03:33:00'),(15,20,'12:24:00','12:29:00'),(15,12,'18:02:00','18:07:00'),(15,21,'11:35:00','11:40:00'),(15,6,'16:22:00','16:27:00'),(15,3,'07:18:00','07:23:00'),(15,34,'10:16:00','10:21:00'),(15,45,'04:19:00','04:24:00'),(15,37,'12:48:00','12:53:00'),(15,33,'11:50:00','11:55:00'),(15,46,'13:42:00','13:47:00'),(16,50,'13:14:00','13:19:00'),(16,22,'02:49:00','02:54:00'),(16,15,'00:54:00','00:59:00'),(16,3,'11:44:00','11:49:00'),(16,4,'05:49:00','05:54:00'),(16,45,'23:34:00','23:39:00'),(17,44,'15:03:00','15:08:00'),(17,14,'23:39:00','23:44:00'),(17,11,'23:19:00','23:24:00'),(17,4,'13:42:00','13:47:00'),(17,10,'10:30:00','10:35:00'),(17,39,'21:51:00','21:56:00'),(17,30,'06:56:00','07:01:00'),(17,13,'20:12:00','20:17:00'),(17,35,'19:50:00','19:55:00'),(17,47,'09:16:00','09:21:00'),(18,14,'04:01:00','04:06:00'),(18,2,'22:33:00','22:38:00'),(18,46,'18:13:00','18:18:00'),(18,45,'18:22:00','18:27:00'),(18,11,'00:54:00','00:59:00'),(18,42,'14:41:00','14:46:00'),(18,50,'03:40:00','03:45:00'),(18,28,'10:04:00','10:09:00'),(18,38,'07:08:00','07:13:00'),(19,30,'15:15:00','15:20:00'),(19,44,'20:52:00','20:57:00'),(19,11,'11:54:00','11:59:00'),(19,34,'18:44:00','18:49:00'),(19,48,'07:07:00','07:12:00'),(19,40,'20:35:00','20:40:00'),(19,18,'00:34:00','00:39:00'),(20,24,'05:49:00','05:54:00'),(20,30,'06:19:00','06:24:00'),(20,16,'09:36:00','09:41:00'),(20,10,'22:17:00','22:22:00'),(20,43,'07:42:00','07:47:00'),(20,14,'07:28:00','07:33:00'),(20,46,'07:18:00','07:23:00'),(20,18,'03:22:00','03:27:00'),(20,2,'14:42:00','14:47:00'),(20,19,'08:42:00','08:47:00'),(21,49,'11:40:00','11:45:00'),(21,28,'00:38:00','00:43:00'),(21,44,'14:46:00','14:51:00'),(21,45,'16:31:00','16:36:00'),(21,15,'17:13:00','17:18:00'),(22,28,'16:14:00','16:19:00'),(22,21,'04:18:00','04:23:00'),(22,11,'22:22:00','22:27:00'),(22,37,'01:34:00','01:39:00'),(22,31,'04:09:00','04:14:00'),(22,48,'09:34:00','09:39:00'),(22,42,'22:34:00','22:39:00'),(22,5,'06:00:00','06:05:00'),(22,32,'10:24:00','10:29:00'),(22,26,'15:09:00','15:14:00'),(23,24,'11:25:00','11:30:00'),(23,10,'10:39:00','10:44:00'),(23,21,'19:44:00','19:49:00'),(23,46,'02:43:00','02:48:00'),(23,23,'12:02:00','12:07:00'),(23,48,'11:42:00','11:47:00'),(23,16,'00:18:00','00:23:00'),(23,34,'10:30:00','10:35:00'),(23,22,'05:24:00','05:29:00'),(24,39,'16:33:00','16:38:00'),(24,32,'09:04:00','09:09:00'),(24,21,'22:56:00','23:01:00'),(24,31,'07:10:00','07:15:00'),(24,34,'10:12:00','10:17:00'),(24,13,'02:42:00','02:47:00'),(24,15,'04:29:00','04:34:00'),(25,15,'00:12:00','00:17:00'),(25,4,'21:39:00','21:44:00'),(25,9,'08:28:00','08:33:00'),(25,14,'02:22:00','02:27:00'),(25,7,'08:46:00','08:51:00'),(25,11,'10:17:00','10:22:00'),(26,10,'14:36:00','14:41:00'),(26,22,'05:11:00','05:16:00'),(26,39,'15:26:00','15:31:00'),(26,17,'05:20:00','05:25:00'),(26,8,'09:24:00','09:29:00'),(26,12,'11:40:00','11:45:00'),(26,43,'23:32:00','23:37:00'),(26,44,'16:23:00','16:28:00'),(26,50,'21:30:00','21:35:00'),(27,28,'15:58:00','16:03:00'),(27,29,'00:19:00','00:24:00'),(27,42,'06:42:00','06:47:00'),(27,4,'05:43:00','05:48:00'),(27,36,'17:49:00','17:54:00'),(28,15,'19:24:00','19:29:00'),(28,41,'14:29:00','14:34:00'),(28,29,'06:00:00','06:05:00'),(28,21,'20:19:00','20:24:00'),(28,36,'09:12:00','09:17:00'),(28,11,'16:30:00','16:35:00'),(28,31,'14:47:00','14:52:00'),(28,10,'03:46:00','03:51:00'),(28,46,'06:31:00','06:36:00'),(28,19,'14:06:00','14:11:00'),(29,46,'11:29:00','11:34:00'),(29,27,'12:51:00','12:56:00'),(29,29,'17:58:00','18:03:00'),(29,15,'00:44:00','00:49:00'),(29,19,'04:53:00','04:58:00'),(30,19,'09:10:00','09:15:00'),(30,6,'20:51:00','20:56:00'),(30,30,'09:34:00','09:39:00'),(30,3,'20:56:00','21:01:00'),(30,48,'22:54:00','22:59:00'),(30,8,'19:51:00','19:56:00'),(30,13,'13:47:00','13:52:00'),(30,10,'04:24:00','04:29:00'),(30,45,'13:23:00','13:28:00'),(30,46,'02:07:00','02:12:00'),(30,37,'19:16:00','19:21:00'),(30,5,'21:53:00','21:58:00'),(30,21,'12:41:00','12:46:00'),(30,25,'03:36:00','03:41:00'),(31,16,'18:37:00','18:42:00'),(31,32,'02:10:00','02:15:00'),(31,27,'08:55:00','09:00:00'),(31,5,'00:04:00','00:09:00'),(31,49,'08:47:00','08:52:00'),(31,11,'01:54:00','01:59:00'),(31,48,'19:29:00','19:34:00'),(32,45,'15:58:00','16:03:00'),(32,6,'21:32:00','21:37:00'),(32,19,'22:33:00','22:38:00'),(32,50,'19:57:00','20:02:00'),(32,11,'04:03:00','04:08:00'),(32,12,'05:57:00','06:02:00'),(32,4,'03:31:00','03:36:00'),(33,26,'02:53:00','02:58:00'),(33,36,'20:02:00','20:07:00'),(33,34,'13:38:00','13:43:00'),(33,23,'17:07:00','17:12:00'),(33,17,'08:02:00','08:07:00'),(33,11,'22:58:00','23:03:00'),(33,49,'15:09:00','15:14:00'),(33,35,'03:14:00','03:19:00'),(33,28,'09:38:00','09:43:00'),(33,10,'06:54:00','06:59:00'),(33,7,'12:54:00','12:59:00'),(33,43,'20:41:00','20:46:00'),(34,49,'17:04:00','17:09:00'),(34,3,'13:06:00','13:11:00'),(34,14,'01:58:00','02:03:00'),(34,7,'19:40:00','19:45:00'),(34,32,'21:55:00','22:00:00'),(34,16,'02:54:00','02:59:00'),(35,21,'16:09:00','16:14:00'),(35,2,'18:09:00','18:14:00'),(35,39,'11:41:00','11:46:00'),(35,8,'05:08:00','05:13:00'),(35,26,'08:40:00','08:45:00'),(35,20,'14:39:00','14:44:00'),(35,7,'08:41:00','08:46:00'),(35,46,'17:55:00','18:00:00'),(35,42,'22:28:00','22:33:00'),(35,47,'07:04:00','07:09:00'),(36,8,'02:10:00','02:15:00'),(36,6,'16:49:00','16:54:00'),(36,44,'12:48:00','12:53:00'),(36,40,'19:56:00','20:01:00'),(36,24,'08:56:00','09:01:00'),(36,35,'00:17:00','00:22:00'),(37,35,'23:04:00','23:09:00'),(37,50,'18:11:00','18:16:00'),(37,16,'10:43:00','10:48:00'),(37,47,'17:15:00','17:20:00'),(37,22,'15:48:00','15:53:00'),(37,15,'11:47:00','11:52:00'),(37,29,'05:01:00','05:06:00'),(37,48,'16:54:00','16:59:00'),(37,12,'07:07:00','07:12:00'),(38,10,'20:29:00','20:34:00'),(38,19,'00:09:00','00:14:00'),(38,26,'18:45:00','18:50:00'),(38,23,'10:36:00','10:41:00'),(38,20,'01:55:00','02:00:00'),(38,17,'02:42:00','02:47:00'),(38,35,'06:32:00','06:37:00'),(38,9,'00:58:00','01:03:00'),(38,4,'17:45:00','17:50:00'),(39,8,'11:00:00','11:05:00'),(39,21,'01:59:00','02:04:00'),(39,12,'19:00:00','19:05:00'),(39,42,'18:41:00','18:46:00'),(40,30,'23:05:00','23:10:00'),(40,36,'07:22:00','07:27:00'),(40,49,'00:37:00','00:42:00'),(40,31,'08:57:00','09:02:00'),(40,20,'07:35:00','07:40:00'),(40,25,'11:13:00','11:18:00'),(40,11,'13:29:00','13:34:00'),(40,12,'16:24:00','16:29:00'),(40,48,'16:23:00','16:28:00'),(40,45,'12:52:00','12:57:00'),(41,30,'02:34:00','02:39:00'),(41,33,'02:21:00','02:26:00'),(41,9,'16:39:00','16:44:00'),(41,39,'12:02:00','12:07:00'),(41,14,'08:59:00','09:04:00'),(41,44,'07:24:00','07:29:00'),(41,41,'14:36:00','14:41:00'),(41,20,'19:50:00','19:55:00'),(42,13,'06:47:00','06:52:00'),(42,6,'20:45:00','20:50:00'),(42,5,'15:05:00','15:10:00'),(42,49,'02:51:00','02:56:00'),(42,14,'20:20:00','20:25:00'),(42,31,'20:17:00','20:22:00'),(43,23,'07:09:00','07:14:00'),(43,37,'04:11:00','04:16:00'),(43,4,'03:56:00','04:01:00'),(43,48,'04:26:00','04:31:00'),(43,18,'20:05:00','20:10:00'),(43,44,'05:13:00','05:18:00'),(44,6,'16:58:00','17:03:00'),(44,8,'03:40:00','03:45:00'),(44,50,'05:08:00','05:13:00'),(44,18,'20:50:00','20:55:00'),(44,12,'01:56:00','02:01:00'),(44,47,'15:35:00','15:40:00'),(44,25,'01:12:00','01:17:00'),(44,38,'03:55:00','04:00:00'),(44,7,'01:50:00','01:55:00'),(44,19,'23:14:00','23:19:00'),(44,28,'15:12:00','15:17:00'),(45,10,'16:48:00','16:53:00'),(45,48,'15:57:00','16:02:00'),(45,3,'12:36:00','12:41:00'),(45,49,'14:59:00','15:04:00'),(45,40,'20:27:00','20:32:00'),(45,4,'15:39:00','15:44:00'),(45,9,'16:28:00','16:33:00'),(45,14,'19:53:00','19:58:00'),(45,44,'08:30:00','08:35:00'),(45,28,'13:50:00','13:55:00'),(45,35,'00:15:00','00:20:00'),(45,36,'06:22:00','06:27:00'),(45,30,'09:26:00','09:31:00'),(45,43,'02:10:00','02:15:00'),(46,3,'06:09:00','06:14:00'),(46,33,'17:01:00','17:06:00'),(46,18,'01:20:00','01:25:00'),(46,10,'08:48:00','08:53:00'),(46,13,'12:45:00','12:50:00'),(46,14,'21:24:00','21:29:00'),(46,1,'05:19:00','05:24:00'),(47,7,'04:05:00','04:10:00'),(47,16,'05:39:00','05:44:00'),(47,41,'23:37:00','23:42:00'),(47,39,'08:42:00','08:47:00'),(47,24,'22:52:00','22:57:00'),(47,3,'09:44:00','09:49:00'),(47,18,'22:07:00','22:12:00'),(47,37,'15:39:00','15:44:00'),(47,6,'04:55:00','05:00:00'),(47,32,'20:48:00','20:53:00'),(47,14,'06:48:00','06:53:00'),(47,4,'21:09:00','21:14:00'),(48,48,'10:10:00','10:15:00'),(48,12,'09:40:00','09:45:00'),(48,33,'07:12:00','07:17:00'),(48,17,'08:04:00','08:09:00'),(48,5,'22:55:00','23:00:00'),(48,46,'12:03:00','12:08:00'),(48,47,'23:44:00','23:49:00'),(48,36,'18:07:00','18:12:00'),(48,4,'03:56:00','04:01:00'),(48,28,'03:24:00','03:29:00'),(49,43,'07:46:00','07:51:00'),(49,23,'07:55:00','08:00:00'),(49,45,'22:02:00','22:07:00'),(49,31,'06:37:00','06:42:00'),(49,30,'15:02:00','15:07:00'),(49,33,'18:06:00','18:11:00'),(49,48,'09:17:00','09:22:00'),(49,36,'20:23:00','20:28:00'),(49,11,'00:02:00','00:07:00'),(49,1,'06:28:00','06:33:00'),(50,5,'02:47:00','02:52:00'),(50,32,'14:08:00','14:13:00'),(50,4,'00:37:00','00:42:00'),(50,20,'01:36:00','01:41:00'),(50,46,'14:07:00','14:12:00'),(50,15,'18:18:00','18:23:00'),(50,27,'22:39:00','22:44:00'),(50,36,'16:16:00','16:21:00'),(50,1,'00:39:00','00:44:00'),(50,39,'02:01:00','02:06:00'),(50,7,'16:29:00','16:34:00'),(50,40,'15:23:00','15:28:00'),(50,37,'12:23:00','12:28:00'),(50,34,'06:47:00','06:52:00'),(51,32,'06:00:00','06:05:00'),(51,46,'04:16:00','04:21:00'),(51,37,'15:25:00','15:30:00'),(51,3,'18:19:00','18:24:00'),(51,39,'01:46:00','01:51:00'),(51,19,'03:48:00','03:53:00'),(51,41,'15:31:00','15:36:00'),(51,31,'03:22:00','03:27:00'),(51,24,'04:27:00','04:32:00'),(51,17,'18:09:00','18:14:00'),(51,34,'21:20:00','21:25:00'),(51,13,'11:02:00','11:07:00'),(51,16,'12:02:00','12:07:00'),(51,7,'02:37:00','02:42:00'),(52,1,'08:31:00','08:36:00'),(52,50,'09:51:00','09:56:00'),(52,30,'09:17:00','09:22:00'),(52,40,'18:54:00','18:59:00'),(52,47,'20:58:00','21:03:00'),(52,38,'16:58:00','17:03:00'),(52,45,'08:12:00','08:17:00'),(52,8,'06:23:00','06:28:00'),(52,2,'23:36:00','23:41:00'),(52,36,'06:07:00','06:12:00'),(52,21,'08:34:00','08:39:00'),(52,37,'09:23:00','09:28:00'),(53,23,'23:30:00','23:35:00'),(53,39,'17:55:00','18:00:00'),(53,1,'03:04:00','03:09:00'),(53,4,'13:21:00','13:26:00'),(53,2,'05:59:00','06:04:00'),(53,49,'11:53:00','11:58:00'),(53,17,'08:15:00','08:20:00'),(54,29,'23:18:00','23:23:00'),(54,3,'04:35:00','04:40:00'),(54,41,'20:53:00','20:58:00'),(54,22,'03:03:00','03:08:00'),(54,36,'22:22:00','22:27:00'),(54,46,'08:51:00','08:56:00'),(54,11,'10:07:00','10:12:00'),(54,5,'08:19:00','08:24:00'),(54,24,'00:57:00','01:02:00'),(54,37,'22:00:00','22:05:00'),(54,38,'11:15:00','11:20:00'),(54,30,'07:52:00','07:57:00'),(55,38,'05:41:00','05:46:00'),(55,16,'07:12:00','07:17:00'),(55,30,'12:32:00','12:37:00'),(55,4,'02:43:00','02:48:00'),(55,25,'06:58:00','07:03:00'),(55,45,'17:11:00','17:16:00'),(55,1,'15:43:00','15:48:00'),(55,33,'01:09:00','01:14:00'),(55,36,'06:08:00','06:13:00'),(55,7,'09:00:00','09:05:00'),(55,26,'12:34:00','12:39:00'),(55,17,'11:21:00','11:26:00'),(56,36,'15:25:00','15:30:00'),(56,50,'06:58:00','07:03:00'),(56,4,'04:37:00','04:42:00'),(56,8,'23:04:00','23:09:00'),(57,17,'03:10:00','03:15:00'),(57,30,'15:23:00','15:28:00'),(57,20,'22:06:00','22:11:00'),(57,48,'11:11:00','11:16:00'),(57,19,'22:18:00','22:23:00'),(57,6,'11:08:00','11:13:00'),(57,40,'22:19:00','22:24:00'),(57,5,'15:07:00','15:12:00'),(57,15,'23:19:00','23:24:00'),(57,26,'20:22:00','20:27:00'),(57,41,'14:36:00','14:41:00'),(57,9,'06:07:00','06:12:00'),(58,18,'17:22:00','17:27:00'),(58,4,'21:22:00','21:27:00'),(58,46,'19:17:00','19:22:00'),(58,17,'11:31:00','11:36:00'),(58,25,'10:42:00','10:47:00'),(58,42,'08:39:00','08:44:00'),(58,10,'20:50:00','20:55:00'),(58,43,'04:18:00','04:23:00'),(59,44,'13:22:00','13:27:00'),(59,26,'12:14:00','12:19:00'),(59,12,'22:31:00','22:36:00'),(59,27,'16:06:00','16:11:00'),(59,30,'04:24:00','04:29:00'),(59,14,'23:04:00','23:09:00'),(59,3,'21:47:00','21:52:00'),(59,31,'06:21:00','06:26:00'),(59,43,'18:30:00','18:35:00'),(59,46,'21:15:00','21:20:00'),(59,23,'00:24:00','00:29:00'),(60,36,'21:13:00','21:18:00'),(60,16,'12:48:00','12:53:00'),(60,46,'03:58:00','04:03:00'),(60,14,'21:35:00','21:40:00'),(60,24,'04:40:00','04:45:00'),(60,8,'19:46:00','19:51:00'),(60,12,'15:10:00','15:15:00'),(60,38,'15:01:00','15:06:00'),(60,35,'18:01:00','18:06:00'),(61,10,'04:28:00','04:33:00'),(61,15,'23:40:00','23:45:00'),(61,31,'01:55:00','02:00:00'),(61,29,'17:42:00','17:47:00'),(61,40,'18:42:00','18:47:00'),(61,1,'11:31:00','11:36:00'),(61,6,'08:39:00','08:44:00'),(61,50,'16:57:00','17:02:00'),(61,37,'20:44:00','20:49:00'),(61,12,'12:43:00','12:48:00'),(61,5,'15:10:00','15:15:00'),(61,30,'12:58:00','13:03:00'),(62,18,'16:47:00','16:52:00'),(62,19,'11:01:00','11:06:00'),(62,23,'21:11:00','21:16:00'),(62,35,'09:04:00','09:09:00'),(62,3,'10:11:00','10:16:00'),(62,9,'05:20:00','05:25:00'),(62,48,'09:17:00','09:22:00'),(62,42,'10:58:00','11:03:00'),(62,46,'08:20:00','08:25:00'),(62,26,'00:25:00','00:30:00'),(62,4,'19:43:00','19:48:00'),(62,14,'02:11:00','02:16:00'),(62,24,'02:16:00','02:21:00'),(62,38,'22:16:00','22:21:00'),(63,36,'17:19:00','17:24:00'),(63,39,'02:09:00','02:14:00'),(63,24,'03:36:00','03:41:00'),(63,21,'16:49:00','16:54:00'),(64,46,'12:19:00','12:24:00'),(64,17,'04:06:00','04:11:00'),(64,4,'20:41:00','20:46:00'),(64,35,'20:14:00','20:19:00'),(64,21,'07:51:00','07:56:00'),(64,13,'19:14:00','19:19:00'),(64,43,'23:26:00','23:31:00'),(64,19,'15:03:00','15:08:00'),(64,39,'17:33:00','17:38:00'),(64,36,'07:40:00','07:45:00'),(64,47,'12:35:00','12:40:00'),(64,20,'02:19:00','02:24:00'),(64,5,'03:35:00','03:40:00'),(64,33,'20:11:00','20:16:00'),(65,1,'03:39:00','03:44:00'),(65,37,'04:45:00','04:50:00'),(65,16,'14:41:00','14:46:00'),(65,9,'19:20:00','19:25:00'),(65,18,'20:18:00','20:23:00'),(65,3,'01:40:00','01:45:00'),(65,26,'07:59:00','08:04:00'),(65,45,'13:28:00','13:33:00'),(66,36,'19:56:00','20:01:00'),(66,50,'10:43:00','10:48:00'),(66,14,'06:53:00','06:58:00'),(66,22,'01:15:00','01:20:00'),(66,6,'13:00:00','13:05:00'),(66,45,'09:10:00','09:15:00'),(66,49,'05:32:00','05:37:00'),(66,12,'09:42:00','09:47:00'),(67,5,'18:08:00','18:13:00'),(67,37,'16:17:00','16:22:00'),(67,20,'20:44:00','20:49:00'),(67,23,'09:10:00','09:15:00'),(67,22,'02:49:00','02:54:00'),(67,17,'01:39:00','01:44:00'),(67,49,'10:30:00','10:35:00'),(67,33,'00:39:00','00:44:00'),(67,21,'01:02:00','01:07:00'),(67,43,'23:38:00','23:43:00'),(68,31,'00:13:00','00:18:00'),(68,49,'14:50:00','14:55:00'),(68,45,'11:20:00','11:25:00'),(68,42,'13:49:00','13:54:00'),(68,32,'20:19:00','20:24:00'),(68,30,'07:41:00','07:46:00'),(68,29,'12:35:00','12:40:00'),(68,38,'07:48:00','07:53:00'),(68,22,'21:49:00','21:54:00'),(68,8,'07:33:00','07:38:00'),(68,19,'00:34:00','00:39:00'),(69,26,'13:01:00','13:06:00'),(69,9,'17:17:00','17:22:00'),(69,36,'15:54:00','15:59:00'),(69,42,'05:17:00','05:22:00'),(69,7,'06:00:00','06:05:00'),(69,17,'13:02:00','13:07:00'),(69,25,'16:41:00','16:46:00'),(69,13,'03:35:00','03:40:00'),(69,12,'09:38:00','09:43:00'),(69,21,'10:40:00','10:45:00'),(69,24,'12:16:00','12:21:00'),(69,10,'01:13:00','01:18:00'),(69,40,'10:41:00','10:46:00'),(69,1,'03:05:00','03:10:00'),(70,23,'08:34:00','08:39:00'),(70,4,'00:59:00','01:04:00'),(70,25,'14:30:00','14:35:00'),(70,15,'03:36:00','03:41:00'),(70,40,'21:03:00','21:08:00'),(70,49,'23:48:00','23:53:00'),(70,19,'21:41:00','21:46:00'),(70,31,'00:57:00','01:02:00'),(70,22,'14:28:00','14:33:00'),(70,10,'00:15:00','00:20:00'),(70,30,'08:24:00','08:29:00'),(70,8,'23:14:00','23:19:00'),(70,46,'06:20:00','06:25:00'),(71,1,'15:35:00','15:40:00'),(71,6,'21:30:00','21:35:00'),(71,5,'10:29:00','10:34:00'),(71,49,'17:30:00','17:35:00'),(71,45,'11:31:00','11:36:00'),(71,29,'17:46:00','17:51:00'),(72,24,'10:28:00','10:33:00'),(72,33,'18:34:00','18:39:00'),(72,17,'00:51:00','00:56:00'),(72,46,'09:25:00','09:30:00'),(72,4,'23:00:00','23:05:00'),(72,5,'22:57:00','23:02:00'),(72,42,'17:54:00','17:59:00'),(72,27,'15:40:00','15:45:00'),(72,19,'06:56:00','07:01:00'),(72,3,'14:16:00','14:21:00'),(72,16,'17:59:00','18:04:00'),(73,47,'01:56:00','02:01:00'),(73,25,'00:32:00','00:37:00'),(73,27,'18:56:00','19:01:00'),(73,44,'23:07:00','23:12:00'),(73,34,'20:14:00','20:19:00'),(73,12,'14:38:00','14:43:00'),(73,7,'05:57:00','06:02:00'),(73,30,'04:57:00','05:02:00'),(73,35,'10:56:00','11:01:00'),(74,2,'08:07:00','08:12:00'),(74,28,'20:47:00','20:52:00'),(74,16,'17:30:00','17:35:00'),(74,45,'10:08:00','10:13:00'),(74,39,'23:59:00','00:04:00'),(74,36,'03:05:00','03:10:00'),(74,9,'16:26:00','16:31:00'),(74,48,'03:53:00','03:58:00'),(74,42,'10:30:00','10:35:00'),(75,31,'17:49:00','17:54:00'),(75,8,'22:01:00','22:06:00'),(75,18,'10:50:00','10:55:00'),(75,5,'06:38:00','06:43:00'),(75,34,'19:20:00','19:25:00'),(75,6,'23:35:00','23:40:00'),(75,22,'16:01:00','16:06:00'),(75,25,'12:43:00','12:48:00'),(75,11,'09:15:00','09:20:00'),(75,33,'10:29:00','10:34:00'),(75,13,'02:50:00','02:55:00'),(75,1,'21:27:00','21:32:00'),(75,10,'23:01:00','23:06:00'),(76,19,'09:55:00','10:00:00'),(76,43,'15:35:00','15:40:00'),(76,20,'06:23:00','06:28:00'),(76,24,'20:20:00','20:25:00'),(76,46,'17:56:00','18:01:00'),(77,14,'02:03:00','02:08:00'),(77,30,'08:11:00','08:16:00'),(77,45,'06:20:00','06:25:00'),(77,50,'23:44:00','23:49:00'),(77,4,'22:20:00','22:25:00'),(77,38,'10:32:00','10:37:00'),(77,44,'18:47:00','18:52:00'),(77,41,'10:03:00','10:08:00'),(77,49,'01:42:00','01:47:00'),(78,35,'12:40:00','12:45:00'),(78,8,'12:23:00','12:28:00'),(78,33,'19:52:00','19:57:00'),(78,16,'02:55:00','03:00:00'),(78,47,'23:03:00','23:08:00'),(78,24,'05:37:00','05:42:00'),(78,27,'01:13:00','01:18:00'),(78,1,'10:30:00','10:35:00'),(78,46,'05:06:00','05:11:00'),(78,43,'10:47:00','10:52:00'),(78,23,'22:57:00','23:02:00'),(79,1,'18:12:00','18:17:00'),(79,35,'22:34:00','22:39:00'),(79,41,'19:09:00','19:14:00'),(79,4,'16:44:00','16:49:00'),(80,8,'21:45:00','21:50:00'),(80,1,'22:41:00','22:46:00'),(80,16,'12:42:00','12:47:00'),(80,49,'11:02:00','11:07:00'),(80,25,'23:04:00','23:09:00'),(80,19,'02:55:00','03:00:00'),(80,29,'08:17:00','08:22:00'),(80,15,'04:10:00','04:15:00'),(80,7,'21:11:00','21:16:00'),(80,5,'05:19:00','05:24:00'),(80,37,'07:54:00','07:59:00'),(80,48,'15:05:00','15:10:00'),(80,12,'19:03:00','19:08:00'),(81,2,'21:49:00','21:54:00'),(81,29,'22:35:00','22:40:00'),(81,32,'16:43:00','16:48:00'),(81,50,'06:35:00','06:40:00'),(81,16,'22:52:00','22:57:00'),(81,36,'23:02:00','23:07:00'),(82,11,'06:03:00','06:08:00'),(82,48,'16:56:00','17:01:00'),(82,27,'13:41:00','13:46:00'),(82,2,'11:50:00','11:55:00'),(82,25,'14:57:00','15:02:00'),(82,3,'08:42:00','08:47:00'),(82,15,'21:57:00','22:02:00'),(82,33,'16:24:00','16:29:00'),(82,49,'07:20:00','07:25:00'),(82,13,'04:57:00','05:02:00'),(82,36,'05:11:00','05:16:00'),(82,16,'06:56:00','07:01:00'),(82,24,'08:04:00','08:09:00'),(83,33,'04:18:00','04:23:00'),(83,8,'04:56:00','05:01:00'),(83,31,'11:02:00','11:07:00'),(83,12,'14:33:00','14:38:00'),(83,21,'12:40:00','12:45:00'),(83,9,'05:12:00','05:17:00'),(83,30,'05:25:00','05:30:00'),(83,43,'12:23:00','12:28:00'),(83,19,'02:35:00','02:40:00'),(83,28,'17:21:00','17:26:00'),(83,1,'23:23:00','23:28:00'),(83,29,'15:14:00','15:19:00'),(83,17,'17:13:00','17:18:00'),(83,23,'02:38:00','02:43:00'),(84,25,'14:15:00','14:20:00'),(84,34,'03:16:00','03:21:00'),(84,23,'04:42:00','04:47:00'),(84,49,'21:53:00','21:58:00'),(84,48,'01:38:00','01:43:00'),(84,38,'00:42:00','00:47:00'),(84,1,'10:40:00','10:45:00'),(84,41,'08:49:00','08:54:00'),(84,15,'08:47:00','08:52:00'),(84,4,'15:03:00','15:08:00'),(84,17,'15:13:00','15:18:00'),(84,40,'01:58:00','02:03:00'),(84,27,'18:24:00','18:29:00'),(85,15,'00:26:00','00:31:00'),(85,4,'03:04:00','03:09:00'),(85,27,'17:37:00','17:42:00'),(85,13,'09:40:00','09:45:00'),(85,10,'22:17:00','22:22:00'),(85,31,'22:17:00','22:22:00'),(85,14,'05:55:00','06:00:00'),(85,43,'12:11:00','12:16:00'),(85,24,'07:04:00','07:09:00'),(85,33,'07:36:00','07:41:00'),(85,49,'11:57:00','12:02:00'),(85,34,'19:47:00','19:52:00'),(85,5,'20:30:00','20:35:00'),(86,34,'06:16:00','06:21:00'),(86,46,'08:51:00','08:56:00'),(86,39,'16:50:00','16:55:00'),(86,21,'17:14:00','17:19:00'),(86,10,'23:41:00','23:46:00'),(86,2,'05:18:00','05:23:00'),(87,10,'15:28:00','15:33:00'),(87,22,'10:31:00','10:36:00'),(87,41,'01:55:00','02:00:00'),(87,47,'02:47:00','02:52:00'),(88,14,'23:20:00','23:25:00'),(88,27,'02:48:00','02:53:00'),(88,12,'13:53:00','13:58:00'),(88,20,'08:15:00','08:20:00'),(88,25,'05:39:00','05:44:00'),(89,11,'19:42:00','19:47:00'),(89,16,'16:10:00','16:15:00'),(89,3,'13:46:00','13:51:00'),(89,30,'22:32:00','22:37:00'),(89,12,'02:30:00','02:35:00'),(89,25,'20:42:00','20:47:00'),(89,35,'04:18:00','04:23:00'),(89,43,'22:58:00','23:03:00'),(89,33,'19:19:00','19:24:00'),(89,26,'05:18:00','05:23:00'),(89,13,'05:49:00','05:54:00'),(90,21,'11:33:00','11:38:00'),(90,47,'00:50:00','00:55:00'),(90,46,'16:34:00','16:39:00'),(90,39,'10:28:00','10:33:00'),(90,29,'20:29:00','20:34:00'),(90,12,'09:46:00','09:51:00'),(90,26,'00:28:00','00:33:00'),(90,9,'22:58:00','23:03:00'),(90,15,'05:26:00','05:31:00'),(90,20,'04:01:00','04:06:00'),(90,17,'09:04:00','09:09:00'),(90,50,'09:05:00','09:10:00'),(91,46,'04:38:00','04:43:00'),(91,49,'15:32:00','15:37:00'),(91,42,'15:51:00','15:56:00'),(91,23,'01:24:00','01:29:00'),(91,4,'15:43:00','15:48:00'),(91,15,'12:45:00','12:50:00'),(92,14,'02:34:00','02:39:00'),(92,10,'18:37:00','18:42:00'),(92,20,'11:13:00','11:18:00'),(92,42,'05:49:00','05:54:00'),(92,29,'22:35:00','22:40:00'),(92,34,'04:30:00','04:35:00'),(92,31,'22:12:00','22:17:00'),(92,8,'15:39:00','15:44:00'),(92,21,'22:52:00','22:57:00'),(92,49,'17:03:00','17:08:00'),(93,38,'16:19:00','16:24:00'),(93,14,'21:46:00','21:51:00'),(93,5,'11:40:00','11:45:00'),(93,6,'21:35:00','21:40:00'),(93,39,'02:12:00','02:17:00'),(93,41,'14:51:00','14:56:00'),(93,23,'23:58:00','00:03:00'),(93,17,'06:02:00','06:07:00'),(93,36,'06:19:00','06:24:00'),(93,25,'21:08:00','21:13:00'),(93,9,'10:59:00','11:04:00'),(93,32,'15:33:00','15:38:00'),(94,7,'02:37:00','02:42:00'),(94,8,'00:18:00','00:23:00'),(94,17,'12:39:00','12:44:00'),(94,12,'06:46:00','06:51:00'),(94,23,'05:57:00','06:02:00'),(94,45,'00:05:00','00:10:00'),(95,35,'21:57:00','22:02:00'),(95,6,'18:48:00','18:53:00'),(95,47,'19:07:00','19:12:00'),(95,15,'05:36:00','05:41:00'),(96,38,'00:19:00','00:24:00'),(96,6,'05:50:00','05:55:00'),(96,4,'21:23:00','21:28:00'),(96,48,'14:24:00','14:29:00'),(96,22,'22:16:00','22:21:00'),(96,23,'15:44:00','15:49:00'),(96,7,'08:19:00','08:24:00'),(97,36,'12:33:00','12:38:00'),(97,18,'02:29:00','02:34:00'),(97,37,'05:19:00','05:24:00'),(97,17,'21:34:00','21:39:00'),(97,14,'05:08:00','05:13:00'),(98,36,'11:37:00','11:42:00'),(98,1,'17:49:00','17:54:00'),(98,39,'09:00:00','09:05:00'),(98,49,'02:55:00','03:00:00'),(98,27,'18:52:00','18:57:00'),(98,43,'09:35:00','09:40:00'),(98,37,'18:21:00','18:26:00'),(98,21,'18:40:00','18:45:00'),(98,50,'08:56:00','09:01:00'),(98,41,'03:05:00','03:10:00'),(98,7,'07:20:00','07:25:00'),(98,11,'19:57:00','20:02:00'),(98,38,'01:57:00','02:02:00'),(98,13,'16:04:00','16:09:00'),(99,19,'22:52:00','22:57:00'),(99,2,'20:10:00','20:15:00'),(99,8,'17:36:00','17:41:00'),(99,36,'23:03:00','23:08:00'),(99,50,'13:36:00','13:41:00'),(99,24,'11:53:00','11:58:00'),(99,20,'22:25:00','22:30:00'),(99,6,'18:31:00','18:36:00'),(99,44,'20:02:00','20:07:00');
/*!40000 ALTER TABLE `route_station` ENABLE KEYS */;
UNLOCK TABLES;

--
-- Table structure for table `route_wagons`
--

DROP TABLE IF EXISTS `route_wagons`;
/*!40101 SET @saved_cs_client     = @@character_set_client */;
/*!50503 SET character_set_client = utf8mb4 */;
CREATE TABLE `route_wagons` (
  `route_id` int NOT NULL,
  `wagon_id` int NOT NULL,
  KEY `route_wagon_route` (`route_id`),
  KEY `route_wagon_wagon` (`wagon_id`),
  CONSTRAINT `route_wagon_route` FOREIGN KEY (`route_id`) REFERENCES `route` (`id`) ON DELETE CASCADE,
  CONSTRAINT `route_wagon_wagon` FOREIGN KEY (`wagon_id`) REFERENCES `wagon` (`id`) ON DELETE CASCADE
) ENGINE=InnoDB DEFAULT CHARSET=utf8mb4 COLLATE=utf8mb4_0900_ai_ci;
/*!40101 SET character_set_client = @saved_cs_client */;

--
-- Dumping data for table `route_wagons`
--

LOCK TABLES `route_wagons` WRITE;
/*!40000 ALTER TABLE `route_wagons` DISABLE KEYS */;
INSERT INTO `route_wagons` VALUES (2,116),(2,242),(2,290),(2,269),(2,186),(2,202),(3,179),(3,176),(3,221),(3,151),(3,51),(3,23),(3,267),(3,55),(4,237),(4,41),(4,15),(4,120),(4,251),(4,144),(5,290),(5,127),(5,33),(5,220),(5,273),(5,79),(5,24),(5,229),(6,90),(6,4),(6,235),(6,276),(7,132),(7,236),(7,247),(7,95),(7,222),(7,137),(8,57),(8,293),(8,141),(8,125),(9,37),(9,107),(9,284),(9,206),(9,251),(9,238),(9,166),(9,48),(10,156),(10,102),(10,295),(10,1),(10,17),(10,63),(10,130),(11,207),(11,87),(11,97),(11,230),(11,195),(12,96),(12,145),(12,125),(12,95),(13,222),(13,223),(13,93),(13,141),(13,34),(13,129),(14,106),(14,84),(14,215),(14,255),(14,97),(14,217),(15,231),(15,211),(15,282),(15,60),(15,62),(15,240),(15,169),(16,255),(16,190),(16,183),(16,189),(16,180),(16,135),(17,251),(17,78),(17,187),(17,44),(17,15),(18,37),(18,2),(18,108),(18,82),(18,105),(18,3),(18,190),(19,143),(19,35),(19,100),(19,137),(19,238),(19,272),(20,214),(20,258),(20,230),(20,25),(21,49),(21,163),(21,106),(21,234),(21,48),(21,71),(21,204),(21,202),(22,23),(22,6),(22,193),(22,190),(22,198),(22,287),(22,97),(22,103),(23,297),(23,56),(23,125),(23,1),(24,198),(24,207),(24,282),(24,251),(24,102),(24,167),(24,143),(24,118),(25,83),(25,157),(25,137),(25,147),(25,185),(25,88),(25,125),(26,152),(26,157),(26,107),(26,239),(26,231),(26,240),(27,55),(27,180),(27,290),(27,276),(27,249),(27,206),(28,264),(28,293),(28,290),(28,292),(28,141),(28,121),(28,96),(29,7),(29,203),(29,141),(29,253),(30,123),(30,184),(30,280),(30,295),(30,287),(30,288),(31,3),(31,187),(31,172),(31,148),(31,232),(31,220),(31,168),(31,58),(32,128),(32,167),(32,161),(32,265),(32,144),(32,141),(33,241),(33,244),(33,152),(33,26),(33,56),(33,240),(33,49),(33,171),(34,46),(34,45),(34,206),(34,132),(35,15),(35,106),(35,266),(35,211),(36,255),(36,125),(36,119),(36,61),(36,27),(36,262),(36,47),(37,287),(37,4),(37,9),(37,199),(37,139),(38,126),(38,2),(38,35),(38,193),(39,34),(39,132),(39,201),(39,281),(39,140),(39,87),(39,280),(39,262),(40,175),(40,34),(40,235),(40,26),(40,295),(41,16),(41,21),(41,111),(41,124),(41,268),(42,64),(42,52),(42,121),(42,288),(42,115),(43,1),(43,10),(43,28),(43,300),(43,19),(43,154),(44,261),(44,288),(44,258),(44,290),(44,139),(44,8),(44,259),(45,262),(45,108),(45,151),(45,59),(46,73),(46,106),(46,25),(46,2),(46,42),(46,153),(46,209),(47,117),(47,6),(47,159),(47,245),(47,231),(47,124),(48,145),(48,208),(48,256),(48,215),(48,1),(48,173),(49,173),(49,23),(49,33),(49,110),(50,266),(50,93),(50,106),(50,206),(50,252),(50,270),(50,19),(50,20),(51,31),(51,136),(51,140),(51,26),(51,57),(51,121),(52,267),(52,23),(52,99),(52,14),(52,20),(52,172),(52,146),(52,185),(53,61),(53,120),(53,124),(53,261),(54,40),(54,281),(54,57),(54,213),(54,12),(54,286),(54,272),(55,135),(55,276),(55,177),(55,297),(55,201),(55,142),(56,296),(56,76),(56,136),(56,100),(56,34),(57,206),(57,32),(57,215),(57,64),(57,164),(58,39),(58,280),(58,27),(58,243),(58,191),(58,24),(58,283),(59,175),(59,200),(59,146),(59,268),(59,116),(59,280),(59,158),(59,184),(60,111),(60,13),(60,103),(60,227),(60,2),(60,200),(60,55),(61,189),(61,186),(61,275),(61,80),(61,44),(61,125),(62,23),(62,63),(62,55),(62,134),(63,289),(63,162),(63,201),(63,90),(63,95),(64,280),(64,157),(64,295),(64,217),(64,11),(65,23),(65,208),(65,215),(65,32),(66,149),(66,82),(66,253),(66,105),(67,163),(67,166),(67,93),(67,87),(67,112),(68,155),(68,100),(68,105),(68,106),(68,46),(68,109),(68,16),(68,203),(69,190),(69,174),(69,202),(69,255),(70,173),(70,225),(70,172),(70,223),(70,201),(70,269),(70,168),(70,211),(71,218),(71,265),(71,118),(71,196),(71,223),(72,147),(72,107),(72,159),(72,42),(72,116),(73,78),(73,28),(73,298),(73,209),(73,52),(73,231),(73,286),(73,107),(74,185),(74,141),(74,56),(74,96),(74,234),(74,201),(74,246),(74,69),(75,92),(75,82),(75,286),(75,282),(75,215),(75,229),(75,13),(75,203),(76,49),(76,282),(76,142),(76,115),(76,187),(76,127),(76,293),(76,65),(77,104),(77,116),(77,36),(77,132),(77,290),(77,266),(78,278),(78,231),(78,103),(78,229),(78,225),(79,66),(79,84),(79,251),(79,52),(80,51),(80,153),(80,293),(80,272),(80,121),(80,101),(81,5),(81,218),(81,94),(81,104),(81,151),(81,113),(82,64),(82,263),(82,282),(82,243),(82,91),(82,209),(82,228),(82,134),(83,55),(83,75),(83,29),(83,133),(83,127),(83,100),(84,42),(84,186),(84,98),(84,267),(84,191),(84,202),(85,58),(85,94),(85,98),(85,281),(86,122),(86,269),(86,190),(86,73),(86,267),(86,288),(87,267),(87,169),(87,59),(87,66),(87,214),(87,57),(88,257),(88,170),(88,285),(88,137),(88,282),(89,102),(89,90),(89,243),(89,140),(89,14),(90,254),(90,147),(90,80),(90,145),(90,240),(90,195),(90,55),(91,181),(91,210),(91,199),(91,62),(91,126),(92,186),(92,231),(92,73),(92,175),(93,166),(93,246),(93,98),(93,68),(93,147),(94,189),(94,225),(94,213),(94,224),(94,232),(94,208),(95,229),(95,54),(95,100),(95,275),(95,78),(95,279),(95,60),(96,25),(96,63),(96,297),(96,81),(96,27),(97,218),(97,200),(97,92),(97,195),(97,169),(97,31),(98,130),(98,149),(98,29),(98,291),(98,70),(99,281),(99,9),(99,128),(99,196);
/*!40000 ALTER TABLE `route_wagons` ENABLE KEYS */;
UNLOCK TABLES;

--
-- Table structure for table `station`
--

DROP TABLE IF EXISTS `station`;
/*!40101 SET @saved_cs_client     = @@character_set_client */;
/*!50503 SET character_set_client = utf8mb4 */;
CREATE TABLE `station` (
  `id` int NOT NULL AUTO_INCREMENT,
  `station_name` varchar(100) NOT NULL,
  `station_code` varchar(100) NOT NULL,
  PRIMARY KEY (`id`)
) ENGINE=InnoDB AUTO_INCREMENT=51 DEFAULT CHARSET=utf8mb4 COLLATE=utf8mb4_0900_ai_ci;
/*!40101 SET character_set_client = @saved_cs_client */;

--
-- Dumping data for table `station`
--

LOCK TABLES `station` WRITE;
/*!40000 ALTER TABLE `station` DISABLE KEYS */;
INSERT INTO `station` VALUES (1,'Garland','54327-2409'),(2,'Port Rupertborough','48407-9277'),(3,'Maxwellborough','74827'),(4,'Deltona','45227-2882'),(5,'Connburgh','97666'),(6,'West Claudia','53085-1093'),(7,'Fort Hermannchester','07797'),(8,'South Josefa','36016'),(9,'La Habra','19852-8749'),(10,'Jadamouth','51097'),(11,'New Lincolnshire','77008'),(12,'Corpus Christi','50402'),(13,'Port Elfrieda','23677-2890'),(14,'Sporerland','51686-6074'),(15,'Chayaton','52455-3469'),(16,'Skylaview','84610-9110'),(17,'South Elva','30895-9594'),(18,'Lesterport','10342-9527'),(19,'South Wilbertport','98267-0454'),(20,'Skilescester','75855'),(21,'Barnstable Town','82871-2600'),(22,'Sammamish','28332'),(23,'New Aniyacester','54399-3293'),(24,'Diamondfield','98244'),(25,'Uptonborough','21645'),(26,'North Lawson','24565'),(27,'Rauborough','61765'),(28,'South Tanner','68784-3660'),(29,'Baileystad','12469'),(30,'Henderson','20932'),(31,'Franeckihaven','28894-1288'),(32,'West Myrl','64345'),(33,'Stiedemanncester','75329-9823'),(34,'Carolport','31477'),(35,'South Aurorefield','12561-0735'),(36,'Cruickshankport','66732'),(37,'South Lavina','41545-6600'),(38,'Noemiecester','38399'),(39,'Jaspercester','01244'),(40,'East Nicolettebury','89469-1940'),(41,'Lake Lesly','10692'),(42,'Ziemeview','13311-7037'),(43,'Lake Lauryville','14261-5330'),(44,'Caguas','49416-1474'),(45,'Parkerboro','88589-3978'),(46,'Athens-Clarke County','62901'),(47,'Maraburgh','98738-8044'),(48,'Fort Allene','42305'),(49,'Danville','83962'),(50,'Walkerville','67746');
/*!40000 ALTER TABLE `station` ENABLE KEYS */;
UNLOCK TABLES;

--
-- Table structure for table `ticket`
--

DROP TABLE IF EXISTS `ticket`;
/*!40101 SET @saved_cs_client     = @@character_set_client */;
/*!50503 SET character_set_client = utf8mb4 */;
CREATE TABLE `ticket` (
  `id` int NOT NULL AUTO_INCREMENT,
  `customer_email` varchar(100) NOT NULL,
  `discount_id` int DEFAULT NULL,
  `reservation_id` int DEFAULT NULL,
  PRIMARY KEY (`id`),
  KEY `ticket_discount` (`discount_id`),
  KEY `tickstationet_reservation` (`reservation_id`),
  CONSTRAINT `ticket_discount` FOREIGN KEY (`discount_id`) REFERENCES `discount` (`id`) ON DELETE CASCADE,
  CONSTRAINT `tickstationet_reservation` FOREIGN KEY (`reservation_id`) REFERENCES `reservation` (`id`) ON DELETE CASCADE
) ENGINE=InnoDB DEFAULT CHARSET=utf8mb4 COLLATE=utf8mb4_0900_ai_ci;
/*!40101 SET character_set_client = @saved_cs_client */;

--
-- Dumping data for table `ticket`
--

LOCK TABLES `ticket` WRITE;
/*!40000 ALTER TABLE `ticket` DISABLE KEYS */;
/*!40000 ALTER TABLE `ticket` ENABLE KEYS */;
UNLOCK TABLES;

--
-- Table structure for table `wagon`
--

DROP TABLE IF EXISTS `wagon`;
/*!40101 SET @saved_cs_client     = @@character_set_client */;
/*!50503 SET character_set_client = utf8mb4 */;
CREATE TABLE `wagon` (
  `id` int NOT NULL AUTO_INCREMENT,
  `capacity` int NOT NULL,
  PRIMARY KEY (`id`)
) ENGINE=InnoDB AUTO_INCREMENT=301 DEFAULT CHARSET=utf8mb4 COLLATE=utf8mb4_0900_ai_ci;
/*!40101 SET character_set_client = @saved_cs_client */;

--
-- Dumping data for table `wagon`
--

LOCK TABLES `wagon` WRITE;
/*!40000 ALTER TABLE `wagon` DISABLE KEYS */;
INSERT INTO `wagon` VALUES (1,100),(2,100),(3,100),(4,100),(5,100),(6,100),(7,100),(8,100),(9,100),(10,100),(11,100),(12,100),(13,100),(14,100),(15,100),(16,100),(17,100),(18,100),(19,100),(20,100),(21,100),(22,100),(23,100),(24,100),(25,100),(26,100),(27,100),(28,100),(29,100),(30,100),(31,100),(32,100),(33,100),(34,100),(35,100),(36,100),(37,100),(38,100),(39,100),(40,100),(41,100),(42,100),(43,100),(44,100),(45,100),(46,100),(47,100),(48,100),(49,100),(50,100),(51,100),(52,100),(53,100),(54,100),(55,100),(56,100),(57,100),(58,100),(59,100),(60,100),(61,100),(62,100),(63,100),(64,100),(65,100),(66,100),(67,100),(68,100),(69,100),(70,100),(71,100),(72,100),(73,100),(74,100),(75,100),(76,100),(77,100),(78,100),(79,100),(80,100),(81,100),(82,100),(83,100),(84,100),(85,100),(86,100),(87,100),(88,100),(89,100),(90,100),(91,100),(92,100),(93,100),(94,100),(95,100),(96,100),(97,100),(98,100),(99,100),(100,100),(101,100),(102,100),(103,100),(104,100),(105,100),(106,100),(107,100),(108,100),(109,100),(110,100),(111,100),(112,100),(113,100),(114,100),(115,100),(116,100),(117,100),(118,100),(119,100),(120,100),(121,100),(122,100),(123,100),(124,100),(125,100),(126,100),(127,100),(128,100),(129,100),(130,100),(131,100),(132,100),(133,100),(134,100),(135,100),(136,100),(137,100),(138,100),(139,100),(140,100),(141,100),(142,100),(143,100),(144,100),(145,100),(146,100),(147,100),(148,100),(149,100),(150,100),(151,100),(152,100),(153,100),(154,100),(155,100),(156,100),(157,100),(158,100),(159,100),(160,100),(161,100),(162,100),(163,100),(164,100),(165,100),(166,100),(167,100),(168,100),(169,100),(170,100),(171,100),(172,100),(173,100),(174,100),(175,100),(176,100),(177,100),(178,100),(179,100),(180,100),(181,100),(182,100),(183,100),(184,100),(185,100),(186,100),(187,100),(188,100),(189,100),(190,100),(191,100),(192,100),(193,100),(194,100),(195,100),(196,100),(197,100),(198,100),(199,100),(200,100),(201,100),(202,100),(203,100),(204,100),(205,100),(206,100),(207,100),(208,100),(209,100),(210,100),(211,100),(212,100),(213,100),(214,100),(215,100),(216,100),(217,100),(218,100),(219,100),(220,100),(221,100),(222,100),(223,100),(224,100),(225,100),(226,100),(227,100),(228,100),(229,100),(230,100),(231,100),(232,100),(233,100),(234,100),(235,100),(236,100),(237,100),(238,100),(239,100),(240,100),(241,100),(242,100),(243,100),(244,100),(245,100),(246,100),(247,100),(248,100),(249,100),(250,100),(251,100),(252,100),(253,100),(254,100),(255,100),(256,100),(257,100),(258,100),(259,100),(260,100),(261,100),(262,100),(263,100),(264,100),(265,100),(266,100),(267,100),(268,100),(269,100),(270,100),(271,100),(272,100),(273,100),(274,100),(275,100),(276,100),(277,100),(278,100),(279,100),(280,100),(281,100),(282,100),(283,100),(284,100),(285,100),(286,100),(287,100),(288,100),(289,100),(290,100),(291,100),(292,100),(293,100),(294,100),(295,100),(296,100),(297,100),(298,100),(299,100),(300,100);
/*!40000 ALTER TABLE `wagon` ENABLE KEYS */;
UNLOCK TABLES;
/*!40103 SET TIME_ZONE=@OLD_TIME_ZONE */;

/*!40101 SET SQL_MODE=@OLD_SQL_MODE */;
/*!40014 SET FOREIGN_KEY_CHECKS=@OLD_FOREIGN_KEY_CHECKS */;
/*!40014 SET UNIQUE_CHECKS=@OLD_UNIQUE_CHECKS */;
/*!40101 SET CHARACTER_SET_CLIENT=@OLD_CHARACTER_SET_CLIENT */;
/*!40101 SET CHARACTER_SET_RESULTS=@OLD_CHARACTER_SET_RESULTS */;
/*!40101 SET COLLATION_CONNECTION=@OLD_COLLATION_CONNECTION */;
/*!40111 SET SQL_NOTES=@OLD_SQL_NOTES */;

-- Dump completed on 2023-03-30 19:31:56
